Milling Company,District
JIMBARA MERCHANTS,Mansa
KABWE MILLING CO  LTD,Kabwe
MPONGWE MILLING  LTD,Mpongwe
NATIONAL MILLING CO LTD,Chilanga
NATIONAL MILLING CORP LTD,Lusaka
NATIONAL MILLING CORP. LIMITED,Kitwe
NATIONAL MILLING CORPORATION,Ndola
NATIONAL MILLING CORPORATION LIMITED,Solwezi
NATIONAL MILLING CORPORATION LTD,Livingstone
OLYMPIC MILLING,Kitwe
OLYMPIC MILLING,Chingola
OLYMPIC MILLING CBT LTD,Ndola
OLYMPIC MILLING CO LTD,Mufulira
OLYMPIC MILLING CO LTD,Kitwe
OLYMPIC MILLING CO LTD,Mufulira
PERFECT MILLING CO LIMITED,Lusaka
RAINBOW MILLING,Chipata
ROYAL FLOUR MILLS LTD,Lusaka
SIMBA MILLING,Kitwe
STAR MILLING LTD,Lusaka
SUPERIOR MILLING,Lusaka
SUPERIOR MILLING COMPANY LIMITED, Lusaka
WALEX INVESTMENT HOLDINGS LTD,Lusaka
A P G GROUP OF COMPANIES,Lusaka
A P G MILLING,Senanga
A P G MILLING COMPANY LTD,Kaoma
AFRICA DEVELOPMENT TRADE,Lusaka
AFRICAN MILLING COMPANY LTD, Lusaka
AL MILLING LTD, Lusaka
AMANITA GROUP OF COMPANIES, Lusaka
ANTELOPE MILLING,Luanshya
ANTELOPE WHOLESALE MERCHANTS LTD,Luanshya
BARTNER MILLING CORPORATION,Lusaka
CHAT MILLING CO LTD,Lusaka
CHIMANGA CHANGA,Ndola
CHOMA MILLING COMPANY LIMITED,Kalomo
CHOMA MILLING COMPANY LIMITED,Choma
GHIRADI MILLING,Lusaka
H M MILLING & ENGINEERING,Kitwe
KAPINGA MILLING LTD,Mazabuka
CHAT MILLING ,Lusaka
FVG MILLING ,Kabwe
DARIYAYE  MILLING,Lusaka
QUALITY COMMODITY MILLING ,Lusaka
MUSS MILLING,Chingola
BOLLORE LOGISTICS ZAMBIA,Lusaka
CHC COMMODITIES,Lusaka
CACITREX ZAMBIA LTD,Lusaka
ACTIS KNIGHT FRANK LTD,Lusaka
MATABA MILLERS,Mufulira
JAMAS MILLING COMPANY,Kitwe
